Dataset,Subject,Model,Acc,F1,Char_Acc,ITR_N36
BNCI2014_009,1,LDA,0.8214814814814815,0.5275156884459211,0.3958333333333333,31.500633426987598
BNCI2014_009,1,SVM,0.8333333333333334,0.0,0.4166666666666667,34.22784242590273
BNCI2014_009,1,Xdawn+LDA,0.792962962962963,0.4924381346741595,0.2916666666666667,19.02338272012181
