Dataset,Subject,Model,Acc,F1,Char_Acc,ITR_N36
BNCI2014_009,1,LDA,0.8177661169415293,0.5282707613718067,0.3958333333333333,5.512610849722829
BNCI2014_009,1,SVM,0.8333433283358321,0.0,0.4166666666666667,5.989872424532978
BNCI2014_009,1,Xdawn+LDA,0.8194902548725637,0.5350340463959612,0.3958333333333333,5.512610849722829
